time,ssh,system,kernel,other,containers
1714560414,0,0,0,0,0
1714560415,0,0,0,0,0
1714560416,0,0,0,0,0
1714560417,0,0,0,0,0
1714560418,0,0,0,0,0
1714560419,0,0,0,0,0
1714560420,0,0,0,0,0
1714560421,0,0,0,0,0
1714560422,0,0,0,0,0
1714560423,0,0,0,0,0
1714560424,0,0,0,0,0
1714560425,0,0,0,0,0
1714560426,0,0,0,0,0
1714560427,0,0,0,0,0
1714560428,0,0,0,0,0
1714560429,0,0,0,0,0
1714560430,0,0,0,0,0
1714560431,0,0,0,0,0
1714560432,0,0,0,0,0
1714560433,0,0,0,0,0
1714560434,0,0,0,0,0
1714560435,0,0,0,0,0
1714560436,0,0,0,0,0
1714560437,0,0,0,0,0
1714560438,0,0,0,0,0
1714560439,0,0,0,0,0
1714560440,0,0,0,0,0
1714560441,0,0,0,0,0
1714560442,0,0,0,0,0
1714560443,0,0,0,0,0
1714560444,0,0,0,0,0
1714560445,0,0,0,0,0
1714560446,0,0,0,0,0
1714560447,0,0,0,0,0
1714560448,0,0,0,0,0
1714560449,0,0,0,0,0
1714560450,0,0,0,0,0
1714560451,0,0,0,0,0
1714560452,0,0,0,0,0
1714560453,0,0,0,0,0
1714560454,0,0,0,0,0
1714560455,0,0,0,0,0
1714560456,0,0,0,0,0
1714560457,0,0,0,0,0
1714560458,0,0,0,0,0
1714560459,0,0,0,0,0
1714560460,0,0,0,0,0
1714560461,0,0,0,0,0
1714560462,0,0,0,0,0
1714560463,0,0,0,0,0
1714560464,0,0,0,0,0
1714560465,0,0,0,0,0
1714560466,0,0,0,0,0
1714560467,0,0,0,0,0
1714560468,0,0,0,0,0
1714560469,0,0,0,0,0
1714560470,0,0,0,0,0
1714560471,0,0,0,0,0
1714560472,0,0,0,0,0
1714560473,0,0,0,0,0
1714560474,0,0,0,0,0
1714560475,0,0,0,0,0
1714560476,0,0,0,0,0
1714560477,0,0,0,0,0
1714560478,0,0,0,0,0
1714560479,0,0,0,0,0
1714560480,0,0,0,0,0
1714560481,0,0,0,0,0
1714560482,0,0,0,0,0
1714560483,0,0,0,0,0
1714560484,0,0,0,0,0
1714560485,0,0,0,0,0
1714560486,0,0,0,0,0
1714560487,0,0,0,0,0
1714560488,0,0,0,0,0
1714560489,0,0,0,0,0
1714560490,0,0,0,0,0
1714560491,0,0,0,0,0
1714560492,0,0,0,0,0
1714560493,0,0,0,0,0
1714560494,0,0,0,0,0
1714560495,0,0,0,0,0
1714560496,0,0,0,0,0
1714560497,0,0,0,0,0
1714560498,0,0,0,0,0
1714560499,0,0,0,0,0
1714560500,0,0,0,0,0
1714560501,0,0,0,0,0
1714560502,0,0,0,0,0
1714560503,0,0,0,0,0
1714560504,0,0,0,0,0
1714560505,0,0,0,0,0
1714560506,0,0,0,0,0
1714560507,0,0,0,0,0
1714560508,0,0,0,0,0
1714560509,0,0,0,0,0
1714560510,0,0,0,0,0
1714560511,0,0,0,0,0
1714560512,0,0,0,0,0
1714560513,0,0,0,0,0
1714560514,0,0,0,0,0
1714560515,0,0,0,0,0
1714560516,0,0,0,0,0
1714560517,0,0,0,0,0
1714560518,0,0,0,0,0
1714560519,0,0,0,0,0
1714560520,0,0,0,0,0
1714560521,0,0,0,0,0
1714560522,0,0,0,0,0
1714560523,0,0,0,0,0
1714560524,0,0,0,0,0
1714560525,0,0,0,0,0
1714560526,0,0,0,0,0
1714560527,0,0,0,0,0
1714560528,0,0,0,0,0
1714560529,0,0,0,0,0
1714560530,0,0,0,0,0
1714560531,0,0,0,0,0
1714560532,0,0,0,0,0
1714560533,0,0,0,0,0
1714560534,0,0,0,0,0
1714560535,0,0,0,0,0
1714560536,0,0,0,0,0
1714560537,0,0,0,0,0
1714560538,0,0,0,0,0
1714560539,0,0,0,0,0
1714560540,0,0,0,0,0
1714560541,0,0,0,0,0
1714560542,0,0,0,0,0
1714560543,0,0,0,0,0
1714560544,0,0,0,0,0
1714560545,0,0,0,0,0
1714560546,0,0,0,0,0
1714560547,0,0,0,0,0
1714560548,0,0,0,0,0
1714560549,0,0,0,0,0
1714560550,0,0,0,0,0
1714560551,0,0,0,0,0
1714560552,0,0,0,0,0
1714560553,0,0,0,0,0
1714560554,0,0,0,0,0
1714560555,0,0,0,0,0
1714560556,0,0,0,0,0
1714560557,0,0,0,0,0
1714560558,0,0,0,0,0
1714560559,0,0,0,0,0
1714560560,0,0,0,0,0
1714560561,0,0,0,0,0
1714560562,0,0,0,0,0
1714560563,0,0,0,0,0
1714560564,0,0,0,0,0
1714560565,0,0,0,0,0
1714560566,0,0,0,0,0
1714560567,0,0,0,0,0
1714560568,0,0,0,0,0
1714560569,0,0,0,0,0
1714560570,0,0,0,0,0
1714560571,0,0,0,0,0
1714560572,24.00002,0,0,0,0
1714560573,0,0,0,0,0
1714560574,0,0,0,0,0
1714560575,0,0,0,0,0
1714560576,0,0,0,0,0
1714560577,0,0,0,0,0
1714560578,24.0109,0,0,0,0
1714560579,0,0,0,0,0
1714560580,0,0,0,0,0
1714560581,0,0,0,0,0
1714560582,0,0,0,0,0
1714560583,0,0,0,0,0
1714560584,0,0,0,0,0
1714560585,0,0,0,0,0
1714560586,0,0,0,0,0
1714560587,0,0,0,0,0
1714560588,0,0,0,0,0
1714560589,0,0,0,0,0
1714560590,0,0,0,0,0
1714560591,0,0,0,0,0
1714560592,0,0,0,0,0
1714560593,0,0,0,0,0
1714560594,0,0,0,0,0
1714560595,0,0,0,0,0
1714560596,0,0,0,0,0
1714560597,0,0,0,0,0
1714560598,0,0,0,0,0
1714560599,0,0,0,0,0
1714560600,0,0,0,0,0
